{
  "0": 0.824566646742379,
  "1": 1.2702578268876612
}