{
  "0": 0.7577289800635655,
  "1": 1.4700112107623318
}