{
  "model_file": "/Users/dash/Desktop/SIMNotes/Y3S2/CM3070_FP/Breast_Cancer_Project/models/best_modelv4.keras",
  "roc_auc": 0.5447916666666667,
  "pr_auc": 0.6230947173440784,
  "acc@0.5": 0.5490314769975787,
  "acc@youdenJ": 0.5429782082324455,
  "best_threshold_youdenJ": 0.6278905868530273,
  "n_val": 1652
}