epoch,accuracy,auc,loss,lr,val_accuracy,val_auc,val_loss
0,0.7182615399360657,0.8265181183815002,0.5049470067024231,1e-04,0.5605326890945435,0.5905333757400513,0.717609703540802
