epoch,accuracy,auc,loss,lr,val_accuracy,val_auc,val_loss
0,0.6575786471366882,0.7295956611633301,0.7071154713630676,1e-04,0.5121065378189087,0.536034345626831,0.8545657992362976
1,0.6562440395355225,0.7402368783950806,0.6708859801292419,1e-04,0.5115011930465698,0.5537285208702087,1.0222042798995972
2,0.6724499464035034,0.7450380325317383,0.6733309030532837,1e-04,0.5441888570785522,0.5826522707939148,0.8726734519004822
3,0.6608198285102844,0.7331995964050293,0.6807482242584229,1e-04,0.5847457647323608,0.6429922580718994,1.0240918397903442
